run,step,epoch,loss,grad_norm,lr,update_s,data_s
ACT ClothFlatten,50,0.07,13.725,246.602,1e-05,0.119,0.172
ACT ClothFlatten,100,0.14,3.906,87.029,1e-05,0.08,0.174
ACT ClothFlatten,150,0.21,3.14,70.102,1e-05,0.079,0.173
ACT ClothFlatten,200,0.28,2.852,63.706,1e-05,0.08,0.169
ACT ClothFlatten,250,0.36,2.587,59.466,1e-05,0.079,0.169
ACT ClothFlatten,300,0.43,2.453,58.225,1e-05,0.079,0.17
ACT ClothFlatten,350,0.5,2.311,58.244,1e-05,0.08,0.173
ACT ClothFlatten,400,0.57,2.237,53.494,1e-05,0.079,0.167
ACT ClothFlatten,450,0.64,2.145,52.486,1e-05,0.08,0.169
ACT ClothFlatten,500,0.71,2.061,52.469,1e-05,0.079,0.169
ACT ClothFlatten,550,0.78,2.014,51.957,1e-05,0.079,0.168
ACT ClothFlatten,600,0.85,1.914,50.284,1e-05,0.08,0.193
ACT ClothFlatten,650,0.92,1.85,48.496,1e-05,0.087,0.25
ACT ClothFlatten,700,1.0,1.811,48.301,1e-05,0.08,0.178
ACT ClothFlatten,750,1.07,1.728,48.458,1e-05,0.085,0.184
ACT ClothFlatten,800,1.14,1.68,44.433,1e-05,0.08,0.174
ACT ClothFlatten,850,1.21,1.652,45.662,1e-05,0.08,0.171
ACT ClothFlatten,900,1.28,1.581,44.202,1e-05,0.079,0.175
ACT ClothFlatten,950,1.35,1.547,43.398,1e-05,0.08,0.17
ACT ClothFlatten,1000,2.06,1.164,38.221,1e-05,0.079,0.177
ACT ClothFlatten,2000,3.56,0.651,25.104,1e-05,0.08,0.171
ACT ClothFlatten,3000,4.27,0.503,21.361,1e-05,0.079,0.169
ACT RopeFlatten,50,0.07,13.025,250.335,1e-05,0.114,0.158
ACT RopeFlatten,100,0.14,3.735,82.797,1e-05,0.078,0.162
ACT RopeFlatten,150,0.21,2.944,70.991,1e-05,0.079,0.163
ACT RopeFlatten,200,0.28,2.654,62.354,1e-05,0.078,0.169
ACT RopeFlatten,250,0.36,2.433,60.575,1e-05,0.079,0.161
ACT RopeFlatten,300,0.43,2.319,58.543,1e-05,0.079,0.162
ACT RopeFlatten,350,0.5,2.151,56.81,1e-05,0.08,0.161
ACT RopeFlatten,400,0.57,2.077,54.035,1e-05,0.08,0.165
ACT RopeFlatten,450,0.64,1.992,52.866,1e-05,0.079,0.16
ACT RopeFlatten,500,0.71,1.904,52.582,1e-05,0.079,0.159
ACT RopeFlatten,550,0.78,1.862,51.116,1e-05,0.079,0.16
ACT RopeFlatten,600,0.85,1.76,50.083,1e-05,0.08,0.161
ACT RopeFlatten,650,0.92,1.699,49.999,1e-05,0.08,0.16
ACT RopeFlatten,700,1.0,1.655,48.654,1e-05,0.079,0.162
ACT RopeFlatten,750,1.07,1.599,48.879,1e-05,0.086,0.168
ACT RopeFlatten,800,1.14,1.536,44.673,1e-05,0.08,0.162
ACT RopeFlatten,850,1.21,1.514,45.378,1e-05,0.079,0.165
ACT RopeFlatten,900,1.28,1.457,44.135,1e-05,0.08,0.162
ACT RopeFlatten,950,1.35,1.4,42.623,1e-05,0.079,0.162
ACT RopeFlatten,1000,2.06,1.034,37.689,1e-05,0.079,0.171
ACT RopeFlatten,2000,3.56,0.554,23.584,1e-05,0.078,0.174
ACT RopeFlatten,3000,4.27,0.427,20.379,1e-05,0.081,0.167
